[
  {
    "id": "df8c5fa9-eb22-4ffd-acf7-c8f6063f532a",
    "data": [
      {
        "text": "hint ",
        "userDefined": false
      },
      {
        "text": "close",
        "meta": "@hint",
        "alias": "hint",
        "userDefined": true
      }
    ],
    "isTemplate": false,
    "count": 0,
    "lang": "ko",
    "updated": 0
  },
  {
    "id": "d8683788-d2ad-49d9-9470-c36552eeeefc",
    "data": [
      {
        "text": "hint",
        "userDefined": false
      }
    ],
    "isTemplate": false,
    "count": 0,
    "lang": "ko",
    "updated": 0
  },
  {
    "id": "4addd412-0aa5-4dbd-be98-2f22c11a5d2b",
    "data": [
      {
        "text": "hint ",
        "userDefined": false
      },
      {
        "text": "open",
        "meta": "@hint",
        "alias": "hint",
        "userDefined": true
      }
    ],
    "isTemplate": false,
    "count": 0,
    "lang": "ko",
    "updated": 0
  },
  {
    "id": "e216ebf0-7e2c-4d45-8daa-56fc8d954a10",
    "data": [
      {
        "text": "hey",
        "meta": "@sys.any",
        "alias": "any",
        "userDefined": true
      }
    ],
    "isTemplate": false,
    "count": 0,
    "lang": "ko",
    "updated": 0
  }
]